model,pk,fields_password,fields_last_login,fields_public_id,fields_username,fields_first_name,fields_last_name,fields_email,fields_is_active,fields_is_staff,fields_is_superuser,fields_created,fields_updated,fields_groups,fields_user_permissions
core_user.user,1,pbkdf2_sha256$870000$O0c8jmrH9PAQhghcJSCDIa$wIXQsoPRQ4/AJAeRxARC//24S2XrFrsn58Oi0BAlNDY=,,04501d42-c480-447a-816a-401d2c5a4e44,test,,,test@test.com,True,True,True,2024-08-30T14:17:30.584Z,2024-08-30T14:17:30.592Z,[],[]
core_user.user,2,pbkdf2_sha256$870000$2KVTlx3RCSH2fMq8yPolHe$bVCXoliQYLYpqmgIFbYq+CiDfyLHWkxdoVTJKrZ5oy4=,,bd3581a6-c817-489f-a343-f3d7a20b9679,johndoe,John,Doe,johndoe@gmail.com,True,False,False,2024-08-30T14:22:59.382Z,2024-08-30T14:22:59.382Z,[],[]
core_user.user,3,pbkdf2_sha256$870000$1fy61bNiZP4AqbPsEcVW6X$9g8U2qbuzWwpXDYavRZs/ApNUY2GR7sUTW9qXcPLmb4=,,a722c9ea-db8e-4497-a382-ebc8ed68f62f,atabekdemurtaza,Atabek,Murtazaev,atabekdemurtaza@gmail.com,True,False,False,2024-09-01T10:30:02.614Z,2024-09-01T10:30:02.614Z,[],[]
core_user.user,4,pbkdf2_sha256$870000$87tkz6FVYPNStyyWLI6vXS$91UWc9/va3Mzh72eOAYKXPCX3hr2ifGqGOof1XpOdls=,,abda807b-88f9-4ffa-8a1d-a91f8470b9c0,sherzad,,,sherzadyuldashev@test.com,True,False,False,2024-09-01T10:55:25.697Z,2024-09-01T10:55:25.697Z,[],[]
core_user.user,5,pbkdf2_sha256$870000$vPzOqAWrA1jRQwZhbpVJRE$uSoJwoUuEWfgvAwdDSfO93NOuaecKFDyU7G8JzjiJ1I=,,84214d71-4446-431f-9059-f3e19ef9d958,anvar,,,anvar@test.com,True,False,False,2024-09-01T10:55:25.954Z,2024-09-01T10:55:25.954Z,[],[]
core_user.user,6,pbkdf2_sha256$870000$QcO8O2zLgdHvLUDKnULcWK$a7PTGg1ALkTSur1nLhtNwnbZ/02LcJQTtkHcwLBDjFg=,,7c4e8287-3260-4eec-8a9d-f959c88e9292,iwilson,Laurie,Shah,jennifer40@example.net,True,False,False,2024-09-01T11:10:18.714Z,2024-09-01T11:10:18.714Z,[],[]
core_user.user,7,pbkdf2_sha256$870000$rcxVImgsPngCaojlvIJGyk$1Uq5F+dJQr09Nud3Z+9USHVG72WPl+Mg0RnX9t1rVAs=,,a372462e-6022-4dbb-bf72-868e402c2be0,mark49,Corey,Chandler,jameshamilton@example.com,True,False,False,2024-09-01T11:10:18.946Z,2024-09-01T11:10:18.946Z,[],[]
core_user.user,8,pbkdf2_sha256$870000$0i7pQpLwqgGtSWELWuoyWb$RBstDtoGbdNIanPDKTt/FbIEt/UcChF11/75svA8/2M=,,f754597a-88b9-4930-a6b6-113699fccdd4,wileymarcia,Stephanie,Greer,andrew38@example.com,True,False,False,2024-09-01T11:10:19.175Z,2024-09-01T11:10:19.175Z,[],[]
core_user.user,9,pbkdf2_sha256$870000$oxfqsb3uJEQj7DwTQFotum$B0llEmKv3IzoJW8zbvGY/0P2QIg4PcznNiseNBCAthc=,,7780ac0d-0ee7-4883-84d6-b072d7cedb6b,jclark,David,Morgan,klinenicholas@example.com,True,False,False,2024-09-01T11:10:19.407Z,2024-09-01T11:10:19.407Z,[],[]
core_user.user,10,pbkdf2_sha256$870000$mPCOl1opymkqMjY3RbNH6e$D4XdlbXfsv+Z0LKuBa8P3Vm3RrXAViRDWbkKV/+7Uzk=,,0613dfd4-1ea9-481a-b196-8e41fb494494,riveratracy,Debra,Henry,brownsarah@example.com,True,False,False,2024-09-01T11:10:19.638Z,2024-09-01T11:10:19.638Z,[],[]
core_user.user,11,pbkdf2_sha256$870000$iJETZ4joUNTf2NzEX6aaCi$Sg4iAcvAIXYR3UPcLhfNDJmvW68C/nr5rtYRZ2TlC80=,,18daee68-032b-4d48-a849-64c3f963973b,michael47,Christopher,Pierce,gsilva@example.net,True,False,False,2024-09-01T11:10:19.868Z,2024-09-01T11:10:19.868Z,[],[]
core_user.user,12,pbkdf2_sha256$870000$lJLPzqRlBB0kclyUziEdzc$+7um00646F89dVNnJspR/M3VxAdm51Lst6cA+cB0jlk=,,a402dbe7-4c98-48a0-bfb8-183bf18494e9,ajimenez,Alan,Johnson,michaelsmith@example.org,True,False,False,2024-09-01T11:10:20.098Z,2024-09-01T11:10:20.098Z,[],[]
core_user.user,13,pbkdf2_sha256$870000$NgI1Da6LRKtQ5jsMTTzQ5Q$PewNWRk/pjj3KoZYhGWfKGrB2Mgz8R7vlBRGvG/jfiQ=,,02c70bae-523e-44f2-a23b-14002be213cd,xjenkins,Timothy,Lewis,wharris@example.net,True,False,False,2024-09-01T11:10:20.329Z,2024-09-01T11:10:20.329Z,[],[]
core_user.user,14,pbkdf2_sha256$870000$JxBiesOCC4O02MgInC7zMl$pzQrVmzolWDyeSTLZXA6Q6Rfb4Kp5nykwJmkhyuvXBo=,,2856ad26-a86d-4470-85ea-c5d84738e8ff,tiffany54,Lisa,Walsh,hailey07@example.com,True,False,False,2024-09-01T11:10:20.561Z,2024-09-01T11:10:20.561Z,[],[]
core_user.user,15,pbkdf2_sha256$870000$Ve8wlcGCq3OYsDaQtb8XBS$qJF23DAfR2noZ59xjB/1yMagQfkUIY9F9kCgbx6T89g=,,7dfeb639-b4fd-4205-9655-94209209cdfc,maria48,Victor,Johnson,oowen@example.com,True,False,False,2024-09-01T11:10:20.807Z,2024-09-01T11:10:20.807Z,[],[]
core_user.user,16,pbkdf2_sha256$870000$dLPlndKQ61OgocBWyAH8r8$UKLB4GWz18TPzm22bYlmwx+WWwRYTrkPjbUQ0Ldu+Ao=,,c69560f5-709d-46f3-8ace-588278f9c064,qnguyen,Jennifer,Watson,zjacobs@example.net,True,False,False,2024-09-01T11:10:21.041Z,2024-09-01T11:10:21.041Z,[],[]
core_user.user,17,pbkdf2_sha256$870000$TZCGYZUVAIggnOZydGwqVB$8OlLGypIWxcFZatd9ylFaGZsUVGE5kFOaCgDyS/QdKA=,,c6a413b5-3cfd-489d-b1fb-7471658960a3,tstevens,Jared,Ward,garciaheidi@example.org,True,False,False,2024-09-01T11:10:21.275Z,2024-09-01T11:10:21.275Z,[],[]
core_user.user,18,pbkdf2_sha256$870000$HbSBZnOR4bWnSieN59OWdW$wGvPXtiFnxIZZ38wvQMuut679DGdtcbKscDjj3hGk7k=,,cf6b70da-e1a0-4714-b574-5bcff9e6da15,zhiggins,Bethany,Marshall,richardselizabeth@example.net,True,False,False,2024-09-01T11:10:21.510Z,2024-09-01T11:10:21.510Z,[],[]
core_user.user,19,pbkdf2_sha256$870000$mq2gzSOwckmGZljANxkkyB$f8RnoLQGtOpfJ/xSH6f0RR6+jx50L4FzYf0D5UrJs1M=,,ae03300f-141d-4dca-9b2c-13bcd941a27e,jcameron,Gabrielle,Cooper,fbauer@example.org,True,False,False,2024-09-01T11:10:21.748Z,2024-09-01T11:10:21.748Z,[],[]
core_user.user,20,pbkdf2_sha256$870000$GwHixTrERD8nZlCHdH2i4w$6yunvCUA6nP4y8OGE5Ra+K4W5HMQeHgg/tH4iBE1+m0=,,a5418809-2b3b-4974-8d96-d9df29d99216,donaldcoleman,Billy,Moore,xmurray@example.com,True,False,False,2024-09-01T11:10:21.986Z,2024-09-01T11:10:21.986Z,[],[]
core_user.user,21,pbkdf2_sha256$870000$Fyr3bjWChrcWpEyC2aOgVs$EHCL6wDv8ad6B/6d9IPkN05dUjHmEPyUP5mRek/eGww=,,7cb4a498-4d40-4bc1-aaff-e2c92f43546d,wanda16,Grant,Baird,rramos@example.org,True,False,False,2024-09-01T11:10:22.216Z,2024-09-01T11:10:22.216Z,[],[]
core_user.user,22,pbkdf2_sha256$870000$Kh51Crbmp92jo9H0y6kIwg$fEX+IpKiPS8XGJN+xmBR93GTqTU3BeNLL8qdt5Km5fA=,,da14e53f-496b-4638-b6e1-42fdd1408ffa,jessica81,Joshua,Clark,raymondwatts@example.com,True,False,False,2024-09-01T11:10:22.444Z,2024-09-01T11:10:22.444Z,[],[]
core_user.user,23,pbkdf2_sha256$870000$OUukgkABb3ypf17htH298G$SwVotHvCv8rzMXisDjRpb26+0g8Tk8TCBmMT8G4NNGM=,,1e26b732-8976-4fb6-bdd9-e1ba5986447b,fernandezstephen,Daniel,Rivera,brianhowell@example.org,True,False,False,2024-09-01T11:10:22.675Z,2024-09-01T11:10:22.675Z,[],[]
core_user.user,24,pbkdf2_sha256$870000$KXnfzgv1ypRwrpjwgs5hii$1RZdOM36viReeoQAcIeSaAP5D9gWn/3YlZ9iGAG+cak=,,45b5e675-8e24-4023-9b50-2d82d452cc3e,jason98,Catherine,Leonard,flane@example.org,True,False,False,2024-09-01T11:10:22.908Z,2024-09-01T11:10:22.908Z,[],[]
core_user.user,25,pbkdf2_sha256$870000$CscW6In9Abytx3SgSGZ4G0$KtnZcv689Ht01dlk/qAKUy4ADXka+oVi1GzO3E7i6KY=,,d146d446-89c6-47d5-a19d-b4522846bec6,julieatkinson,Jennifer,Santana,jonesashley@example.net,True,False,False,2024-09-01T11:10:23.138Z,2024-09-01T11:10:23.138Z,[],[]
core_user.user,26,pbkdf2_sha256$870000$2LsLffKLOTnoNsDGrp4YH0$ROqca6KqvtwaL0g0I/FTsH0hwfFqchq0OTUOwMTyt+g=,,4df3c99d-77be-46a1-b1c8-4c526d943382,iriggs,David,Day,ryan94@example.net,True,False,False,2024-09-01T11:10:23.372Z,2024-09-01T11:10:23.372Z,[],[]
core_user.user,27,pbkdf2_sha256$870000$Liv3Qf0fxqfySwlSlhqiRj$daYEsoxeS4ZPG+gIcVUcCAeJCdAkFRIIFgtlYS459/0=,,fc602d0e-fdef-4a32-a8dc-23eefaad864c,caitlinfernandez,Melissa,Houston,mbates@example.net,True,False,False,2024-09-01T11:10:23.607Z,2024-09-01T11:10:23.607Z,[],[]
core_user.user,28,pbkdf2_sha256$870000$Qa5RVY3GqJvYk9sUl0qSYB$2+xZ8cwW8r35RgTkrBCupkmW7Z3DUC38zjElEyKQakY=,,c3fd0450-3156-43b4-b218-f7060cf9fe61,jessica51,Kristin,Wilkerson,annettehoward@example.org,True,False,False,2024-09-01T11:10:23.846Z,2024-09-01T11:10:23.846Z,[],[]
core_user.user,29,pbkdf2_sha256$870000$XK92fO9O3jSo6aZ2aUoZ1H$42NRuhNPE/YjQ+RktbJjsVLwQhzQai8gLcCHfeFfGy0=,,4e74d205-0ade-4e2d-9e2f-a6a580f69da6,audrey33,Tina,Mathews,danielwarren@example.org,True,False,False,2024-09-01T11:10:24.076Z,2024-09-01T11:10:24.076Z,[],[]
core_user.user,30,pbkdf2_sha256$870000$HGCorSdrm3XatK0Y0onfXi$M4jVMz+R7Z+qsA0dgb+vAM8xmezvET2JU9Qnxwv5boY=,,e0e7972a-b840-40ad-8e18-d0240125605e,jennifer10,Carrie,Blevins,ilopez@example.com,True,False,False,2024-09-01T11:10:24.309Z,2024-09-01T11:10:24.309Z,[],[]
core_user.user,31,pbkdf2_sha256$870000$GDtnQ16HQDKvJRNx15wkcq$Ztmr1m+IojeBFmxtMQKCI6P0hA7vi1qfWbbxWbfyaqY=,,0148da20-3be4-4279-a039-49aaf080fa72,myersjames,Joel,King,kevinrogers@example.com,True,False,False,2024-09-01T11:10:24.542Z,2024-09-01T11:10:24.542Z,[],[]
core_user.user,32,pbkdf2_sha256$870000$2BLJx0Le8SDM2SuLDKFFu2$R8l+5IKTp+dKMRjLIjAS+LEuSOXQCWyONwwTx/9hFCo=,,58c0d217-d58d-4b69-bf82-cbceb27a7d2b,smithtracy,Cody,Rhodes,thomaschristensen@example.org,True,False,False,2024-09-01T11:10:24.773Z,2024-09-01T11:10:24.773Z,[],[]
core_user.user,33,pbkdf2_sha256$870000$FqEtcuDtNpiiZEtr79dOKY$O+FBMq8uHM74X3iqPpZZIoy/TLkk9S4jFi77KNN295E=,,592d2363-e894-4d72-af3a-1d32580ce688,kimberly33,Nicholas,Robinson,fryesheila@example.net,True,False,False,2024-09-01T11:10:25.004Z,2024-09-01T11:10:25.004Z,[],[]
core_user.user,34,pbkdf2_sha256$870000$CTzh8hp7fMJZtjwP6Tc3up$5jzSF12N7ZuAj1bzm9vOHlzt3IkeQBLcvCGzyP0qCzg=,,cfd0877e-fc27-4885-9b45-97b5ab3547e1,randybrooks,Anthony,Perry,valerie62@example.org,True,False,False,2024-09-01T11:10:25.235Z,2024-09-01T11:10:25.235Z,[],[]
core_user.user,35,pbkdf2_sha256$870000$KbKNXKXbImVCpv7U0tgbji$KkW61jxFdGsnM7bfR0X4nqfhHDzMM2RjenYhLZanm3k=,,97064cda-e9e2-4aa0-8fbd-dae3254a9190,sarah02,Christian,Roy,michele60@example.net,True,False,False,2024-09-01T11:10:25.466Z,2024-09-01T11:10:25.466Z,[],[]
core_user.user,36,pbkdf2_sha256$870000$fucr1iaDPnRxzlSw1g7zrS$GBx7GZ60qH7f6PG55SX45L/cxJu/whDK4sZ6nRkWA+A=,,076a1055-6df7-4cf7-8ca4-5c5004465348,whiteleslie,Monica,George,robersonwilliam@example.org,True,False,False,2024-09-01T11:10:25.697Z,2024-09-01T11:10:25.697Z,[],[]
core_user.user,37,pbkdf2_sha256$870000$aTq1FE5ToMfnB6hEY2uSpi$HYlU7NpfPMPHfbpayO1fc8j1LrmWN4rXWeB4dgIZHzo=,,8f6a666b-3dbd-4b8a-ae63-471d479f8aa6,rwhite,Allison,Rich,veronica63@example.org,True,False,False,2024-09-01T11:10:25.929Z,2024-09-01T11:10:25.929Z,[],[]
core_user.user,38,pbkdf2_sha256$870000$XOlHCgs9ttl2FyqN39aGbd$oWUpk1dUaAmCdZfpNfg34jeO4aTw51WiSyoWXG7Yqbw=,,9ee2c130-16bf-405a-977d-fe4d51b1e021,julie60,John,Horton,christian97@example.net,True,False,False,2024-09-01T11:10:26.159Z,2024-09-01T11:10:26.159Z,[],[]
core_user.user,39,pbkdf2_sha256$870000$iYU98KKhlc9MkopyJ5MZ1n$QLoIOxf4Gz83kRRTsA6SMRpc3UQo1KbzWh3a85Szpno=,,2d66787b-f7a6-46d9-baff-53890aefadab,tonywells,Cheryl,Klein,robin78@example.org,True,False,False,2024-09-01T11:10:26.388Z,2024-09-01T11:10:26.388Z,[],[]
core_user.user,40,pbkdf2_sha256$870000$Ifq1tOMHE8Xsq71cky7Oqp$0h31T/HSUeXlrlyrYBJr3MLfKXMVoIreuPCuAxX8NBg=,,5f25421e-3b13-4551-9542-7bfbe4b670c0,ubrown,Linda,Harrison,obutler@example.com,True,False,False,2024-09-01T11:10:26.619Z,2024-09-01T11:10:26.619Z,[],[]
core_user.user,41,pbkdf2_sha256$870000$lxtdlpQ42he4Qf9efmdA3v$e7NwW1fiIBnMDBgPKpzJj/SRHhbxQYWBvbWPH2qAebk=,,68bf5746-2d37-409f-b999-3ed21b2db397,kdavenport,Ricardo,White,josepholson@example.org,True,False,False,2024-09-01T11:10:26.849Z,2024-09-01T11:10:26.849Z,[],[]
core_user.user,42,pbkdf2_sha256$870000$fBuLxYAtnAb3BDzZiW4gC5$5sMVsL4Vcdyv0KGtuyt4skysUq8e8NN9DNr817viF/Y=,,d0f23450-07f9-450f-8ac6-0475e82e8691,kathryncisneros,Joshua,Martin,erikareed@example.net,True,False,False,2024-09-01T11:10:27.079Z,2024-09-01T11:10:27.079Z,[],[]
core_user.user,43,pbkdf2_sha256$870000$oU6zB5awySIXeTQwh6Ft7Q$xhnV+REqwIoXl8jJf58FZEDjGqM8NDcac18LWs9Kdqo=,,ba755ef6-784c-47c4-833f-fdb74cfffd5b,snyderbrittney,Alexandra,Martinez,jeffreygarrison@example.net,True,False,False,2024-09-01T11:10:27.309Z,2024-09-01T11:10:27.309Z,[],[]
core_user.user,44,pbkdf2_sha256$870000$Ei0J6k4EqsvhWUZyIg377y$+ivU5kxY5I3U4fH+UFfRnpmGZ7LchpD2VT7chp2/4fQ=,,6492cfcc-31fc-45e2-8753-9e53f47db0c9,creyes,Kevin,Chavez,lopezrebecca@example.org,True,False,False,2024-09-01T11:10:27.535Z,2024-09-01T11:10:27.535Z,[],[]
core_user.user,45,pbkdf2_sha256$870000$q1QofFCN4yurAEXMbJ4S3v$nGJP6cOQZntDHuaFFy9F2o2+GJzebsaqc8Y2UcKYno4=,,b7b3134d-8259-4aae-ba0d-ba3160f08a63,dennisdavis,Brett,Lawson,katiemorrison@example.net,True,False,False,2024-09-01T11:10:27.764Z,2024-09-01T11:10:27.764Z,[],[]
core_user.user,46,pbkdf2_sha256$870000$9YrkBzbNeqUyDIwOPOULlY$39L+f+vHm/X/pG7vvNc660IaTxm+YOny0WvQAZb7Fy8=,,8f50d29c-2f4d-4147-ab92-cbcc0d717546,reyesjohn,Cindy,Wright,matthewsbrian@example.net,True,False,False,2024-09-01T11:10:27.996Z,2024-09-01T11:10:27.996Z,[],[]
core_user.user,47,pbkdf2_sha256$870000$hHy5sq8GOQD6GqGxgcHrPi$k4BIUwjTSQzoeV0l0c39npBUimwvXjEMKiAF1HXBdrI=,,b8832a09-139c-47e6-8400-fb7f3b8b4fc0,ijohnston,Lawrence,Gonzalez,clarkdustin@example.net,True,False,False,2024-09-01T11:10:28.221Z,2024-09-01T11:10:28.221Z,[],[]
core_user.user,48,pbkdf2_sha256$870000$OaAGgp6Z1CO1GRDFeYFIxe$0UuSLhXoEziI82gzIB4Q5YQtcX+2i21LJV5DyHV2B4E=,,50023ee1-806b-4649-8663-ae130691fcce,jordan41,Kathryn,Curtis,bianca41@example.com,True,False,False,2024-09-01T11:10:28.450Z,2024-09-01T11:10:28.450Z,[],[]
core_user.user,49,pbkdf2_sha256$870000$HoJXP0tcjy14vTjJv47QVX$+aacqEwkBnu2AX0sZDT55Vn3HuWtU0AgHBRlHEFJH5g=,,37cc8def-0312-4583-a9b6-b2476b806ceb,thomas05,Brian,Welch,reneecardenas@example.net,True,False,False,2024-09-01T11:10:28.679Z,2024-09-01T11:10:28.679Z,[],[]
core_user.user,50,pbkdf2_sha256$870000$FJwpUX6VDoz5y4yoPRZix3$y94dPP3hfeWcWciOMA2IUjij/BRjM8Da8s48+QIvVT8=,,432fbe45-d14c-4bd4-b1e1-49a3df55d92f,heather69,David,Carrillo,sharondurham@example.org,True,False,False,2024-09-01T11:10:28.909Z,2024-09-01T11:10:28.909Z,[],[]
core_user.user,51,pbkdf2_sha256$870000$LiA1ODXpMf7BJD5hSnjLz9$ClNdfRi3hTo8yaDrPhVMx66Bc09uxLFOJdJSS1fzVVo=,,d80659e7-d4f3-44a4-ba72-09f5a1889244,stephen05,George,Sanchez,carrollmitchell@example.org,True,False,False,2024-09-01T11:10:29.138Z,2024-09-01T11:10:29.138Z,[],[]
core_user.user,52,pbkdf2_sha256$870000$JErvBBObNyvbUKuQZ35kNe$VBW6szZvX9k5MCK8gYkMzqjtZfhaIWD3j8QHMsY9/dY=,,2a209e8c-3229-44cd-b748-c12006fd08d4,tamarahansen,Donna,Robinson,jennifersimpson@example.net,True,False,False,2024-09-01T11:10:29.369Z,2024-09-01T11:10:29.369Z,[],[]
core_user.user,53,pbkdf2_sha256$870000$8SbulyWkJ3niDlGZK609Ri$FrTjyV6v4pWhUE0+H4Pt5ONXYZd4797YBcPj7Auaq9A=,,8e1dd4fc-8544-4552-8a2e-7285244db84b,alee,Kelly,Richards,adamsjennifer@example.org,True,False,False,2024-09-01T11:10:29.595Z,2024-09-01T11:10:29.595Z,[],[]
core_user.user,54,pbkdf2_sha256$870000$isTuR6IHK210CEj8Ajra8o$qA/8tsw9nl6L3i0DLHBywmF8qzApm4TlPL+CkwCMhcc=,,4f1900f8-dcfe-46fc-8a8b-f73aa221313e,ischultz,Martin,French,eblevins@example.org,True,False,False,2024-09-01T11:10:29.824Z,2024-09-01T11:10:29.824Z,[],[]
core_user.user,55,pbkdf2_sha256$870000$HEqjmQgE1ycFVdN5W5QIfV$vYvDaPTq/7MzjFmtwKHSyO7N3gertSQ6uVw2orizUMA=,,175649eb-ea60-44b7-9a93-7db22203ea5b,shelley34,Eric,Kim,sara02@example.com,True,False,False,2024-09-01T11:10:30.054Z,2024-09-01T11:10:30.054Z,[],[]
