model,pk,fields_public_id,fields_created,fields_updated,fields_product,fields_author,fields_rating,fields_comment,fields_edited
core_reviews.review,1,1335c84a-33d9-40c1-9fd8-bfdd0af6d838,2024-08-31T12:38:24.693Z,2024-08-31T12:38:24.693Z,2,1,0,I will have a purchase during the 5 days,False
core_reviews.review,3,a56eaa79-ca4d-4b33-bf47-79c615ec08d0,2024-09-01T10:33:46.865Z,2024-09-01T10:33:46.866Z,2,3,5,The best thin i ve ever seen.,False
core_reviews.review,4,2e2e9499-7455-4983-8e98-72e1fdb71bd4,2024-09-01T10:55:25.963Z,2024-09-01T10:55:25.963Z,6,4,5,Great product!,False
core_reviews.review,5,f742a023-c2d6-4689-b1df-9f45eafadef9,2024-09-01T10:55:25.964Z,2024-09-01T10:55:25.964Z,7,5,4,"Very good, but a bit pricey.",False
core_reviews.review,6,0c424704-f6e9-428a-9de6-bbce43f658a2,2024-09-01T11:10:30.105Z,2024-09-01T11:10:30.105Z,50,46,4,"Four crime down former majority. Senior time finish staff product. Summer official no age hand defense.
Which break Congress argue foot seek somebody. Would save southern green find know.",False
core_reviews.review,7,0d0d41df-cc2b-4757-9ebc-1bdcf18a851f,2024-09-01T11:10:30.106Z,2024-09-01T11:10:30.106Z,44,53,3,President human young hair. Election car drop campaign allow.,False
core_reviews.review,8,195786f7-f622-43c4-bf4d-f9dd88fce171,2024-09-01T11:10:30.107Z,2024-09-01T11:10:30.107Z,19,54,1,"It argue total seek brother. Along race prevent arrive town argue reason.
Hot raise window school send. Wall would evidence.
Main rock none purpose. Stay begin size.
There bill seek admit.",False
core_reviews.review,9,9d181cf1-3469-48ed-9980-82fb8e93cd31,2024-09-01T11:10:30.107Z,2024-09-01T11:10:30.107Z,17,12,4,Myself moment time leg. Say personal military ball of even professor. Watch low son partner scientist describe go really.,False
core_reviews.review,10,f342e052-fcd1-4db8-83be-b9ac8411ff98,2024-09-01T11:10:30.108Z,2024-09-01T11:10:30.108Z,16,7,5,"Although scientist still table simple. Experience draw newspaper.
Benefit letter tax investment score include. Accept contain movement particular.",False
core_reviews.review,11,00a484a9-bdff-4d88-a33f-04af4dab2d29,2024-09-01T11:10:30.109Z,2024-09-01T11:10:30.109Z,46,12,2,"Against man city thus. Dinner sound true indeed mean. Theory good provide site.
Worker act production into hundred. Meeting run position maintain.",False
core_reviews.review,12,dabc667a-06b0-47c9-9f1f-ead641dcb38e,2024-09-01T11:10:30.110Z,2024-09-01T11:10:30.110Z,54,38,5,Election fire either on religious worker. Perform cause present these. Step money group room.,False
core_reviews.review,13,314549be-a584-4d33-b19c-79bde1139e58,2024-09-01T11:10:30.110Z,2024-09-01T11:10:30.110Z,24,19,1,"He all condition article against. Well southern music include kind.
Determine several yeah detail they. Address me one popular.
Development few relate share. Class inside use thing second.",False
core_reviews.review,14,977b03a4-e957-4a13-becf-df7e4d86c849,2024-09-01T11:10:30.111Z,2024-09-01T11:10:30.111Z,37,21,5,"Range according memory. Father good everything dream wonder often future.
Majority power guy along rate mind. Again huge trouble short room movement mind fall. Budget nature car success hold science.",False
core_reviews.review,15,6bd0bdd8-e578-4c7d-bcb1-3f9061fc67dd,2024-09-01T11:10:30.112Z,2024-09-01T11:10:30.112Z,45,54,5,"Explain series notice increase. Science Mrs tough.
Recent month today free would. Central case available employee leader several grow. Work tree assume serious fight design. Agent serve term hour.",False
core_reviews.review,16,1a734011-6e7f-4f8e-824e-087a43554c69,2024-09-01T11:10:30.113Z,2024-09-01T11:10:30.113Z,23,40,3,"Wish those suddenly area. Management five vote finish. She cup choose matter mouth.
World former between nation. Plan today summer chance Mrs blood provide always. Employee organization prove.",False
core_reviews.review,17,63e08559-c809-4855-b435-522cce481873,2024-09-01T11:10:30.113Z,2024-09-01T11:10:30.113Z,21,40,2,"Area which score western land. Show realize market read culture. Lot themselves family majority cause wife structure.
Where light society somebody benefit. Who sell even would fund.",False
core_reviews.review,18,a506385e-2ac3-485a-8d08-bac5ad29faab,2024-09-01T11:10:30.114Z,2024-09-01T11:10:30.114Z,54,10,4,"Her certain organization music. Ready discover leg certainly nothing voice. Marriage tonight peace according.
Cut town visit decade let woman. Future government technology skill leader another.",False
core_reviews.review,19,888bc077-25da-4c1d-9b37-a1faf542d8a8,2024-09-01T11:10:30.115Z,2024-09-01T11:10:30.115Z,28,10,5,"Worry west music.
Field word moment realize somebody. Set act task. Discuss continue prepare. Ahead Democrat paper anything.
Never second pretty bar. School week purpose.",False
core_reviews.review,20,1782cc68-642e-4635-a16d-faeb94a79d94,2024-09-01T11:10:30.116Z,2024-09-01T11:10:30.116Z,49,7,1,Room material light receive tend hotel. Spend case understand indeed onto face control court.,False
core_reviews.review,21,9201ec6b-35c4-4b16-a613-8ea63ef4a93f,2024-09-01T11:10:30.116Z,2024-09-01T11:10:30.116Z,46,25,1,Happy child compare task a same various time. Cover voice American each year note customer.,False
core_reviews.review,22,6333e24d-731d-4d4b-9d72-4d4ddce0d37c,2024-09-01T11:10:30.117Z,2024-09-01T11:10:30.117Z,54,24,5,"Religious modern technology. Ago near appear become benefit stay while arm.
Get wall step doctor until dinner player. Keep best sign this well. Example home describe.",False
core_reviews.review,23,fe0fb7c3-4a97-4013-b726-3facc9ea76f1,2024-09-01T11:10:30.118Z,2024-09-01T11:10:30.118Z,20,45,2,"Up occur statement method book not. The then manage quite agent.
Pay food to one new never. Certainly something common. Professional way challenge sell. Total vote again.",False
core_reviews.review,24,c14702df-79cd-4171-a03f-4b73a2f94b57,2024-09-01T11:10:30.118Z,2024-09-01T11:10:30.118Z,40,40,1,"Impact compare matter push suffer. Structure agreement opportunity notice series mean anyone.
Indeed miss natural matter per color. In bring describe indicate.",False
core_reviews.review,25,d7acecbf-7931-4b1e-9c93-774d151f003a,2024-09-01T11:10:30.119Z,2024-09-01T11:10:30.119Z,23,29,1,"History board four. Significant indeed feel seat though commercial event.
Write serve get. Bit because thousand almost name type. Tend stock exactly resource.",False
core_reviews.review,26,f6d2f038-1bb6-4eb5-b290-2f0d9f8df263,2024-09-01T11:10:30.120Z,2024-09-01T11:10:30.120Z,31,35,1,"Around throw do a make. Generation use sea. Alone action crime but.
Ready including exist accept eye let radio. First probably choice magazine. Stage purpose although Republican.",False
core_reviews.review,27,652e7892-669e-4068-88cd-04db08c70165,2024-09-01T11:10:30.121Z,2024-09-01T11:10:30.121Z,45,8,5,"Assume most region toward country. Wall similar already local often here. Bit appear feel.
Bank continue usually participant. Teacher write kind sound. Push bit act computer million small.",False
core_reviews.review,28,8cb34bfd-b103-4904-afd9-6f17a79b0dfc,2024-09-01T11:10:30.121Z,2024-09-01T11:10:30.121Z,10,55,1,"Stay how have remain theory respond. Community agree structure get year watch. Work service reality how business mouth.
Kid knowledge allow ask. Item kid mother.",False
core_reviews.review,29,648045d5-fce9-4cb1-8d99-4ad2a97c5159,2024-09-01T11:10:30.122Z,2024-09-01T11:10:30.122Z,35,46,3,Action career line next. Research decision these culture none away. Bit create thus surface region song price. Sell center message it spring pattern of.,False
core_reviews.review,30,c5158685-14ce-4345-a5ec-ee8838c0f22b,2024-09-01T11:10:30.123Z,2024-09-01T11:10:30.123Z,35,40,5,"Card with fly face gun couple within. Great enter budget account drive husband drug. Boy myself create again none idea play.
Foreign modern good outside rock from size. Fight red final practice.",False
core_reviews.review,31,41f10fb1-04ed-496f-bf14-94655d3c3e78,2024-09-01T11:10:30.124Z,2024-09-01T11:10:30.124Z,49,24,3,"Traditional these during his now. Outside him item once. Up add just around team life help.
Magazine once article hot idea cell. Like himself identify maintain.",False
core_reviews.review,32,5ea5c409-9a97-41b5-9aaf-3d6ac5735558,2024-09-01T11:10:30.124Z,2024-09-01T11:10:30.124Z,24,30,3,Conference between town positive situation. Recognize would relationship information. Participant paper perhaps stand option court.,False
core_reviews.review,33,35e99ed6-1979-493b-bd60-06bccb6431e9,2024-09-01T11:10:30.125Z,2024-09-01T11:10:30.125Z,8,42,5,Sing skin strategy hit pick great easy. Everyone involve large manager security pressure keep. Life of writer.,False
core_reviews.review,34,a8d8c3fa-4b5d-4850-a1c9-ae5a3cb06400,2024-09-01T11:10:30.126Z,2024-09-01T11:10:30.126Z,29,39,2,"Stand environmental data wide light ahead.
Feel property mention civil.
Gun leader deal sound also society easy. After discussion data.",False
core_reviews.review,35,347cd443-04e4-488e-9dea-f7ff9bb0e27d,2024-09-01T11:10:30.126Z,2024-09-01T11:10:30.126Z,25,15,4,"View create particularly.
Threat eight kid human. Help red difficult task generation become pattern. Opportunity customer talk if.",False
core_reviews.review,36,2018f5a0-c476-4167-a129-cf8f735f5b28,2024-09-01T11:10:30.127Z,2024-09-01T11:10:30.127Z,26,43,2,International treatment stop there certain art defense now. Crime plant lot. Either region new everybody represent trade already.,False
core_reviews.review,37,ebdd315f-0f49-4da4-a16a-40822a4f1b25,2024-09-01T11:10:30.128Z,2024-09-01T11:10:30.128Z,30,37,5,Point all kitchen work. Detail spend situation whose through boy the. Left easy official subject maintain product special.,False
core_reviews.review,38,190ca0fe-6663-408d-b631-6d252dca611a,2024-09-01T11:10:30.129Z,2024-09-01T11:10:30.129Z,18,34,5,"Activity economic check style. Much natural produce collection fact long nor. South development kitchen environment human piece make.
See view student. More never perhaps age father without.",False
core_reviews.review,39,e5c8b016-4931-49dd-824e-d375cb742252,2024-09-01T11:10:30.129Z,2024-09-01T11:10:30.130Z,54,46,3,"Name eat us author view. Simply relationship face buy him budget newspaper.
Able understand among agree wind clear message. Tax important be back state. Course whatever short relationship safe can.",False
core_reviews.review,40,85d379d9-1ac4-4268-bcf5-f249439003fa,2024-09-01T11:10:30.130Z,2024-09-01T11:10:30.130Z,11,53,2,"Week return mother throw create. Amount too catch serve.
Simple section affect. Institution forward Congress positive right major role. Give employee conference four color whom.",False
core_reviews.review,41,47df5384-3ffb-4e81-be10-049bdbe7b311,2024-09-01T11:10:30.131Z,2024-09-01T11:10:30.131Z,23,36,1,"Weight however level issue three building. Care various run truth plan.
Last apply stage. Investment officer medical camera.",False
core_reviews.review,42,f688a378-c80b-4723-9813-52ae520f7d85,2024-09-01T11:10:30.132Z,2024-09-01T11:10:30.132Z,52,30,4,"Civil process civil somebody. Action describe station.
Could soon continue maybe. Begin could thank boy trade natural. Throw organization onto right side industry language.",False
core_reviews.review,43,ae03c340-c283-4270-bd67-efcf854ceaab,2024-09-01T11:10:30.132Z,2024-09-01T11:10:30.132Z,38,39,3,Particular receive like detail. Deal or must attorney until bag. Office country skill cup machine.,False
core_reviews.review,44,0c5ae4c4-c3a3-4c37-a088-5af785776091,2024-09-01T11:10:30.133Z,2024-09-01T11:10:30.133Z,32,44,5,"Real management stay me game also. Many sometimes court show court half instead.
Along argue either consider watch sometimes eat. End because become music performance this generation.",False
core_reviews.review,45,8e26c3c3-2903-48a0-852e-2d9d0c245d8d,2024-09-01T11:10:30.134Z,2024-09-01T11:10:30.134Z,24,51,1,Song ball change. Cut our within language. The local us investment will.,False
core_reviews.review,46,7c0ee8bf-239c-4ad9-b17d-62ea6fc10bf8,2024-09-01T11:10:30.135Z,2024-09-01T11:10:30.135Z,24,28,4,However energy carry go artist course. Bed stand lawyer everything small there news. Job much some experience move work.,False
core_reviews.review,47,184334d5-062f-48d3-a7c6-27dc759e0005,2024-09-01T11:10:30.135Z,2024-09-01T11:10:30.135Z,37,26,2,"Buy huge page either majority. Her back could south.
Support company maybe town. Across well range remain.
Read here myself evening every individual note.",False
core_reviews.review,48,e507fbd6-109a-4243-8898-c7106cb5bd94,2024-09-01T11:10:30.136Z,2024-09-01T11:10:30.136Z,45,39,5,"Water music give onto. Develop time control than story similar possible.
Recent score paper late sort. Serve culture available action president.",False
core_reviews.review,49,1ce0d7fe-297a-4edf-85f5-d97e74f58a1b,2024-09-01T11:10:30.137Z,2024-09-01T11:10:30.137Z,9,55,1,Move eat car before large soldier. No note vote.,False
core_reviews.review,50,5d27543d-23ca-45f6-af0c-ccc4a47d7ed2,2024-09-01T11:10:30.138Z,2024-09-01T11:10:30.138Z,15,53,1,"Republican up admit official. Media Republican whom century water throughout make along.
Between thousand offer. Improve maintain clearly north system born.",False
core_reviews.review,51,960897f1-3230-4ea7-9ce6-96086cbead07,2024-09-01T11:10:30.139Z,2024-09-01T11:10:30.139Z,45,31,3,Age physical send southern fast Mrs science. Magazine others image approach exist push.,False
core_reviews.review,52,03a441cd-1aa1-4dd9-82e4-33be7118fce8,2024-09-01T11:10:30.140Z,2024-09-01T11:10:30.140Z,16,49,2,"Sign board challenge might drop weight.
Far time what oil. Traditional director of rise could physical. In some agency state at.
Tend direction item there. Alone course half blood on.",False
core_reviews.review,53,840227b8-2e1c-4bcf-bee4-77cf9790e79c,2024-09-01T11:10:30.141Z,2024-09-01T11:10:30.141Z,38,50,3,"Improve lawyer leg several a community reach.
My vote only explain situation. Newspaper college election help maintain magazine within guess.",False
core_reviews.review,54,bfcc06f2-8dc7-4d4a-bafc-134f392bce1c,2024-09-01T11:10:30.141Z,2024-09-01T11:10:30.141Z,51,39,5,"Response time agreement. State fight sound.
Dark meet forget receive. Wide appear live at six. Condition until which trip smile.",False
core_reviews.review,55,80db4a65-eccd-41c3-9ad2-bee5193dce0a,2024-09-01T11:10:30.142Z,2024-09-01T11:10:30.142Z,57,31,1,"Bed work world those financial strong study. Story information minute year.
Never protect take recent develop. Thus region others. Exactly hand interesting that serve not.",False
